group_volatility,sel_rate,accuracy
high,0.5,0.42105263157894735
low,0.6190476190476191,0.5833333333333334
medium,0.5108695652173914,0.5108695652173914
