group_volatility,sel_rate,accuracy
high,0.47368421052631576,0.4473684210526316
low,0.5833333333333334,0.5952380952380952
medium,0.4673913043478261,0.532608695652174
